month,fiscal_year,volume_mn,value_cr,avg_ticket_inr,banks_live,volume_yoy_pct,value_yoy_pct,volume_mom_pct,value_mom_pct,milestone
2017-04-01,FY18,9.9,1285,1292,46,,,,,
2017-05-01,FY18,9.0,1143,1277,50,,,-10.0,-11.0,
2017-06-01,FY18,9.9,1255,1262,54,,,11.1,9.8,
2017-07-01,FY18,14.9,1860,1247,58,,,50.0,48.2,
2017-08-01,FY18,16.9,2083,1232,62,,,13.3,12.0,
2017-09-01,FY18,30.8,3753,1217,66,,,82.4,80.1,
2017-10-01,FY18,75.6,9089,1202,71,,,145.2,142.2,
2017-11-01,FY18,103.4,12283,1187,75,,,36.8,35.1,
2017-12-01,FY18,145.2,17027,1173,79,,,40.4,38.6,
2018-01-01,FY18,151.2,17826,1179,83,,,4.1,4.7,
2018-02-01,FY18,171.1,20285,1186,87,,,13.2,13.8,
2018-03-01,FY18,177.0,21110,1192,91,,,3.5,4.1,
2018-04-01,FY19,193.7,25372,1310,95,1847.5,1874.8,9.4,20.2,
2018-05-01,FY19,192.7,26816,1392,99,2052.5,2246.1,-0.5,5.7,
2018-06-01,FY19,250.8,36956,1474,104,2421.5,2844.4,30.2,37.8,
2018-07-01,FY19,232.4,36155,1556,108,1458.0,1843.3,-7.3,-2.2,
2018-08-01,FY19,318.1,52079,1637,112,1781.2,2399.8,36.8,44.0,UPI 2.0 launched with overdraft accounts and invoice-in-the-inbox
2018-09-01,FY19,412.9,67995,1647,116,1239.1,1711.7,29.8,30.6,
2018-10-01,FY19,491.4,81390,1656,120,550.1,795.5,19.0,19.7,
2018-11-01,FY19,442.4,73705,1666,124,327.7,500.1,-10.0,-9.4,
2018-12-01,FY19,632.0,105894,1675,128,335.3,521.9,42.9,43.7,
2019-01-01,FY19,685.1,115426,1685,133,353.2,547.5,8.4,9.0,
2019-02-01,FY19,687.1,116423,1694,137,301.7,473.9,0.3,0.9,
2019-03-01,FY19,814.5,138788,1704,141,360.1,557.4,18.5,19.2,
2019-04-01,FY20,781.3,133346,1707,145,303.4,425.6,-4.1,-3.9,
2019-05-01,FY20,733.3,125139,1707,149,280.6,366.7,-6.1,-6.2,
2019-06-01,FY20,754.3,128714,1706,153,200.8,248.3,2.9,2.9,
2019-07-01,FY20,822.3,140310,1706,157,253.8,288.1,9.0,9.0,
2019-08-01,FY20,918.4,156683,1706,161,188.7,200.9,11.7,11.7,
2019-09-01,FY20,955.4,162984,1706,165,131.4,139.7,4.0,4.0,
2019-10-01,FY20,1148.5,195905,1706,169,133.7,140.7,20.2,20.2,Crosses 1 billion transactions in a single month
2019-11-01,FY20,1218.5,207551,1703,173,175.4,181.6,6.1,5.9,
2019-12-01,FY20,1308.5,222565,1701,177,107.0,110.2,7.4,7.2,
2020-01-01,FY20,1305.5,221733,1698,181,90.6,92.1,-0.2,-0.4,
2020-02-01,FY20,1325.5,224806,1696,185,92.9,93.1,1.5,1.4,
2020-03-01,FY20,1247.5,211265,1694,189,53.2,52.2,-5.9,-6.0,Nationwide COVID-19 lockdown begins (25 Mar); volumes dip in April
2020-04-01,FY21,1000.1,152285,1523,192,28.0,14.2,-19.8,-27.9,
2020-05-01,FY21,1235.3,219978,1781,195,68.5,75.8,23.5,44.5,
2020-06-01,FY21,1337.4,240776,1800,198,77.3,87.1,8.3,9.5,
2020-07-01,FY21,1498.6,272721,1820,201,82.2,94.4,12.1,13.3,
2020-08-01,FY21,1601.7,294617,1839,204,74.4,88.0,6.9,8.0,
2020-09-01,FY21,1801.9,334967,1859,206,88.6,105.5,12.5,13.7,
2020-10-01,FY21,2073.2,389452,1878,209,80.5,98.8,15.1,16.3,
2020-11-01,FY21,2212.4,414743,1875,212,81.6,99.8,6.7,6.5,
2020-12-01,FY21,2236.4,418391,1871,215,70.9,88.0,1.1,0.9,
2021-01-01,FY21,2304.5,430244,1867,218,76.5,94.0,3.0,2.8,
2021-02-01,FY21,2294.5,427496,1863,221,73.1,90.2,-0.4,-0.6,
2021-03-01,FY21,2733.9,508330,1859,224,119.2,140.6,19.2,18.9,
2021-04-01,FY22,2643.0,491147,1858,227,164.3,222.5,-3.3,-3.4,
2021-05-01,FY22,2540.9,471519,1856,230,105.7,114.3,-3.9,-4.0,
2021-06-01,FY22,2809.1,520561,1853,233,110.0,116.2,10.6,10.4,
2021-07-01,FY22,3249.5,601317,1851,236,116.8,120.5,15.7,15.5,
2021-08-01,FY22,3554.7,656878,1848,239,121.9,123.0,9.4,9.2,
2021-09-01,FY22,3656.8,674793,1845,242,102.9,101.5,2.9,2.7,
2021-10-01,FY22,4222.2,778038,1843,245,103.7,99.8,15.5,15.3,Crosses 4 billion transactions in a single month
2021-11-01,FY22,4189.2,767643,1832,248,89.4,85.1,-0.8,-1.3,
2021-12-01,FY22,4569.5,832627,1822,251,104.3,99.0,9.1,8.5,
2022-01-01,FY22,4620.5,837174,1812,254,100.5,94.6,1.1,0.5,
2022-02-01,FY22,4531.4,816374,1802,257,97.5,91.0,-1.9,-2.5,
2022-03-01,FY22,5409.1,968928,1791,260,97.9,90.6,19.4,18.7,
2022-04-01,FY23,5584.8,975612,1747,270,111.3,98.6,3.2,0.7,
2022-05-01,FY23,5954.9,1030203,1730,280,134.4,118.5,6.6,5.6,
2022-06-01,FY23,5863.8,1004558,1713,290,108.7,93.0,-1.5,-2.5,RuPay credit cards can be linked to UPI
2022-07-01,FY23,6289.9,1066929,1696,300,93.6,77.4,7.3,6.2,
2022-08-01,FY23,6575.9,1104346,1679,310,85.0,68.1,4.5,3.5,
2022-09-01,FY23,6781.0,1127330,1662,320,85.4,67.1,3.1,2.1,UPI Lite launched for small offline-style payments
2022-10-01,FY23,7307.0,1202453,1646,331,73.1,54.5,7.8,6.7,
2022-11-01,FY23,7305.0,1197336,1639,341,74.4,56.0,-0.0,-0.4,
2022-12-01,FY23,7829.1,1278103,1632,351,71.3,53.5,7.2,6.7,
2023-01-01,FY23,8039.2,1307121,1626,361,74.0,56.1,2.7,2.3,
2023-02-01,FY23,7535.1,1220223,1619,371,66.3,49.5,-6.3,-6.6,UPI-PayNow linkage with Singapore goes live
2023-03-01,FY23,8685.2,1400786,1613,381,60.6,44.6,15.3,14.8,
2023-04-01,FY24,8887.9,1431447,1611,395,59.1,46.7,2.3,2.2,
2023-05-01,FY24,9412.8,1499808,1593,409,58.1,45.6,5.9,4.8,
2023-06-01,FY24,9332.8,1471028,1576,423,59.2,46.4,-0.8,-1.9,
2023-07-01,FY24,9961.6,1553030,1559,437,58.4,45.6,6.7,5.6,
2023-08-01,FY24,10583.5,1631793,1542,451,60.9,47.8,6.2,5.1,
2023-09-01,FY24,10552.5,1608883,1525,466,55.6,42.7,-0.3,-1.4,
2023-10-01,FY24,11406.3,1719458,1507,480,56.1,43.0,8.1,6.9,
2023-11-01,FY24,11232.3,1686029,1501,494,53.8,40.8,-1.5,-1.9,
2023-12-01,FY24,12017.2,1796125,1495,508,53.5,40.5,7.0,6.5,Crosses 12 billion transactions in a single month
2024-01-01,FY24,12200.1,1815644,1488,522,51.8,38.9,1.5,1.1,RBI curbs on Paytm Payments Bank announced (31 Jan)
2024-02-01,FY24,12102.1,1793300,1482,536,60.6,47.0,-0.8,-1.2,
2024-03-01,FY24,13436.8,1982455,1475,550,54.7,41.5,11.0,10.5,
2024-04-01,FY25,13302.6,1940296,1459,558,49.7,35.5,-1.0,-2.1,
2024-05-01,FY25,14034.5,2020285,1440,565,49.1,34.7,5.5,4.1,
2024-06-01,FY25,13883.5,1972071,1420,572,48.8,34.1,-1.1,-2.4,
2024-07-01,FY25,14437.4,2023218,1401,580,44.9,30.3,4.0,2.6,
2024-08-01,FY25,14961.4,2068106,1382,588,41.4,26.7,3.6,2.2,
2024-09-01,FY25,15038.4,2108941,1402,595,42.5,31.1,0.5,2.0,
2024-10-01,FY25,16580.2,2358451,1422,602,45.4,37.2,10.3,11.8,
2024-11-01,FY25,15481.3,2182249,1410,610,37.8,29.4,-6.6,-7.5,
2024-12-01,FY25,16729.2,2336652,1397,618,39.2,30.1,8.1,7.1,
2025-01-01,FY25,16994.2,2351826,1384,625,39.3,29.5,1.6,0.6,
2025-02-01,FY25,16108.3,2208527,1371,632,33.1,23.2,-5.2,-6.1,
2025-03-01,FY25,18299.0,2485380,1358,640,36.2,25.4,13.6,12.5,
2025-04-01,FY26,17890.0,2391446,1337,649,34.5,23.3,-2.2,-3.8,
2025-05-01,FY26,18682.0,2466958,1320,658,33.1,22.1,4.4,3.2,
2025-06-01,FY26,18395.0,2399168,1304,666,32.5,21.7,-1.5,-2.7,
2025-07-01,FY26,19470.0,2507736,1288,675,34.9,23.9,5.8,4.5,
